DateTime,asyncResp,asyncRespThreads,cThreads,jacptQSize,jacptThreads,ltTargetSize,mean_tps,numConnections,req2xx,testDurationSeconds,timeoutSeconds
2022-09-28 15:25:25+00:00,True,21.0,277.0,1712.0,262.0,7.0,307.0152271349453,31.0,50679.0,165.0,5.0
2022-09-28 15:34:42+00:00,True,30.0,173.0,2788.0,158.0,1.0,347.427220766469,35.0,146793.0,423.0,5.0
2022-09-28 15:47:10+00:00,True,28.0,125.0,1411.0,110.0,15.0,138.6936989469127,14.0,84757.0,611.0,5.0
2022-09-28 15:56:35+00:00,True,14.0,115.0,1176.0,100.0,12.0,158.2121648751817,16.0,68515.0,433.0,5.0
2022-09-28 16:01:09+00:00,True,30.0,226.0,2296.0,211.0,12.0,245.80660524555512,25.0,34173.0,139.0,5.0
2022-09-28 16:05:21+00:00,True,28.0,169.0,1691.0,154.0,12.0,256.30742171948924,26.0,31001.0,121.0,5.0
2022-09-28 16:13:09+00:00,True,10.0,282.0,1545.0,267.0,6.0,148.49194130511717,15.0,38026.0,256.0,5.0
2022-09-28 16:17:38+00:00,True,15.0,200.0,1958.0,185.0,14.0,295.3657361828144,30.0,39283.0,133.0,5.0
2022-09-28 16:25:11+00:00,True,31.0,312.0,1696.0,297.0,2.0,357.6181613574563,36.0,113869.0,319.0,5.0
2022-09-28 16:30:39+00:00,True,28.0,284.0,2504.0,269.0,11.0,315.5971109784107,32.0,61851.0,196.0,5.0
2022-09-28 16:38:13+00:00,True,10.0,284.0,1756.0,269.0,9.0,247.77186047143965,25.0,62132.0,251.0,5.0
2022-09-28 16:50:00+00:00,True,26.0,165.0,1416.0,150.0,12.0,168.36089907545812,17.0,96070.0,571.0,5.0
2022-09-28 16:55:19+00:00,True,29.0,209.0,1629.0,194.0,2.0,257.9425863790418,26.0,46917.0,182.0,5.0
2022-09-28 17:00:29+00:00,True,15.0,288.0,2307.0,273.0,12.0,236.6838757344723,24.0,42350.0,179.0,5.0
2022-09-28 17:05:29+00:00,True,30.0,242.0,2848.0,227.0,11.0,117.78808388406446,12.0,18967.0,161.0,5.0
2022-09-28 17:10:09+00:00,True,26.0,248.0,1462.0,233.0,6.0,157.44727149526577,16.0,22690.0,144.0,5.0
2022-09-28 17:16:17+00:00,True,14.0,197.0,2272.0,182.0,11.0,366.14339032332026,37.0,85274.0,233.0,5.0
2022-09-28 17:20:51+00:00,True,26.0,273.0,2916.0,258.0,11.0,246.77770615911885,25.0,33564.0,136.0,5.0
2022-09-28 17:31:16+00:00,True,12.0,124.0,1850.0,109.0,12.0,237.39199112792753,24.0,116261.0,490.0,5.0
2022-09-28 17:42:13+00:00,True,25.0,142.0,2633.0,127.0,1.0,119.50420121185196,12.0,61775.0,518.0,5.0
2022-09-28 18:20:17+00:00,True,29.0,177.0,1553.0,162.0,13.0,221.17765627715372,22.0,54850.0,252.0,5.0
2022-09-28 18:24:40+00:00,True,33.0,229.0,1598.0,214.0,2.0,108.5980955143327,11.0,13367.0,123.0,5.0
2022-09-28 18:30:01+00:00,True,16.0,216.0,2764.0,201.0,9.0,246.3554888456052,25.0,43828.0,178.0,5.0
2022-09-28 18:39:14+00:00,True,13.0,162.0,2845.0,147.0,13.0,128.37742794048452,13.0,52837.0,412.0,5.0
2022-09-28 18:50:34+00:00,True,22.0,207.0,2428.0,192.0,13.0,227.60691534187688,23.0,123014.0,541.0,5.0
2022-09-28 18:57:36+00:00,True,24.0,300.0,1027.0,285.0,12.0,207.6205700696171,21.0,57676.0,278.0,5.0
2022-09-28 19:04:51+00:00,True,22.0,178.0,1885.0,163.0,12.0,385.8858279931232,39.0,113437.0,294.0,5.0
2022-09-28 19:24:19+00:00,True,26.0,203.0,1979.0,188.0,1.0,129.4852469926192,13.0,59954.0,465.0,5.0
2022-09-28 19:28:40+00:00,True,11.0,196.0,1087.0,181.0,2.0,236.89974747948716,24.0,27258.0,115.0,5.0
2022-09-28 21:05:55+00:00,True,19.0,287.0,1824.0,272.0,3.0,337.1082482000034,34.0,153981.0,457.0,5.0
2022-09-28 21:09:37+00:00,True,24.0,127.0,1265.0,112.0,7.0,245.6711522177409,25.0,17212.0,70.0,5.0
2022-09-28 21:21:56+00:00,True,13.0,142.0,2406.0,127.0,1.0,168.98990452463033,17.0,99273.0,588.0,5.0
2022-09-28 21:34:33+00:00,True,19.0,175.0,1758.0,160.0,10.0,187.9904748745136,19.0,115342.0,614.0,5.0
2022-09-28 21:43:05+00:00,True,21.0,228.0,2489.0,213.0,6.0,337.0802410377594,34.0,122546.0,364.0,5.0
2022-09-28 21:55:19+00:00,True,23.0,224.0,2901.0,209.0,14.0,148.53671359714087,15.0,87468.0,589.0,5.0
2022-09-29 15:12:47+00:00,True,30.0,193.0,2118.0,178.0,8.0,148.34317795034025,15.0,80548.0,543.0,5.0
2022-09-29 15:18:27+00:00,True,34.0,168.0,2059.0,153.0,12.0,347.2642132942025,35.0,69669.0,201.0,5.0
2022-09-29 15:25:03+00:00,True,34.0,153.0,1099.0,138.0,14.0,306.87913521441766,31.0,79183.0,258.0,5.0
2022-09-29 15:30:59+00:00,True,20.0,302.0,2784.0,287.0,10.0,266.92739931211355,27.0,57626.0,216.0,5.0
2022-09-29 15:38:58+00:00,True,23.0,232.0,1919.0,217.0,15.0,366.299554807665,36.0,119236.0,335.0,5.0
2022-09-29 15:52:06+00:00,True,31.0,191.0,2620.0,176.0,11.0,187.88570973063386,19.0,121894.0,649.0,5.0
2022-09-29 16:04:50+00:00,True,15.0,287.0,1401.0,272.0,9.0,307.6715581561779,31.0,191803.0,624.0,5.0
2022-09-29 16:08:28+00:00,True,21.0,276.0,1497.0,261.0,7.0,275.36057722480393,28.0,21243.0,77.0,5.0
2022-09-29 16:14:17+00:00,True,28.0,160.0,2487.0,145.0,8.0,98.63237103213318,10.0,20498.0,208.0,5.0
2022-09-29 16:26:31+00:00,True,11.0,136.0,1039.0,121.0,13.0,118.50806580810101,12.0,69775.0,589.0,5.0
2022-09-29 19:06:39+00:00,True,18.0,235.0,2171.0,220.0,4.0,227.00125967411228,23.0,27022.0,119.0,5.0
2022-09-29 19:15:33+00:00,True,32.0,150.0,1020.0,135.0,6.0,138.48558334735515,14.0,54962.0,397.0,5.0
2022-09-29 19:24:40+00:00,True,27.0,283.0,2716.0,268.0,3.0,159.4490162951881,16.0,64220.0,405.0,5.0
2022-09-29 19:37:21+00:00,True,33.0,299.0,1423.0,284.0,4.0,356.70752083330984,36.0,221350.0,621.0,5.0
2022-09-29 19:44:40+00:00,True,31.0,299.0,2010.0,284.0,3.0,386.4783547941323,39.0,114800.0,297.0,5.0
2022-09-29 19:49:07+00:00,True,14.0,133.0,2981.0,118.0,8.0,355.75682680856823,36.0,42936.0,121.0,5.0
2022-09-29 19:53:18+00:00,True,13.0,291.0,1613.0,276.0,5.0,207.26844316897595,21.0,22180.0,107.0,5.0
2022-09-29 19:58:05+00:00,True,16.0,307.0,1304.0,292.0,2.0,99.00539971062915,10.0,14265.0,144.0,5.0
2022-09-29 20:06:11+00:00,True,31.0,151.0,2268.0,136.0,8.0,108.98303107727506,11.0,37165.0,341.0,5.0
2022-09-29 20:16:28+00:00,True,33.0,159.0,1999.0,144.0,10.0,286.9710507450327,29.0,133954.0,467.0,5.0
2022-09-30 14:16:33+00:00,True,22.0,251.0,1833.0,236.0,1.0,358.00455893177724,36.0,190641.0,533.0,5.0
2022-09-30 14:22:43+00:00,True,16.0,215.0,2651.0,200.0,10.0,247.90428498715565,25.0,60062.0,243.0,5.0
2022-09-30 14:28:23+00:00,True,19.0,146.0,2834.0,131.0,14.0,187.4672762890516,19.0,38210.0,204.0,5.0
2022-09-30 14:39:58+00:00,True,14.0,136.0,1301.0,121.0,10.0,109.13491420451261,11.0,60824.0,558.0,5.0
2022-09-30 14:45:16+00:00,True,27.0,183.0,1834.0,168.0,15.0,138.33591799796335,14.0,25838.0,187.0,5.0
2022-09-30 14:55:35+00:00,True,12.0,309.0,2221.0,294.0,9.0,267.7801062119213,27.0,128908.0,482.0,5.0
2022-09-30 15:01:10+00:00,True,19.0,221.0,2279.0,206.0,2.0,158.29606040108794,16.0,31504.0,199.0,5.0
2022-09-30 15:13:36+00:00,True,19.0,223.0,2671.0,208.0,6.0,268.33101819198595,27.0,162433.0,606.0,5.0
2022-09-30 16:36:23+00:00,True,15.0,170.0,2896.0,155.0,9.0,140.37467198433043,14.0,41489.0,300.0,5.0
2022-09-30 16:47:01+00:00,True,25.0,292.0,1060.0,277.0,6.0,118.74430783991325,12.0,60439.0,509.0,5.0
2022-09-30 16:53:48+00:00,True,19.0,166.0,1910.0,151.0,15.0,335.7238867177083,34.0,91930.0,274.0,5.0
2022-09-30 16:58:09+00:00,False,33.0,273.0,2631.0,258.0,15.0,354.07403361120095,36.0,43549.0,123.0,5.0
2022-09-30 17:07:22+00:00,False,33.0,143.0,1965.0,128.0,15.0,138.36471742000248,14.0,57398.0,415.0,5.0
2022-09-30 17:14:32+00:00,False,30.0,220.0,2749.0,205.0,2.0,228.5605853809844,26.0,66274.0,290.0,5.0
2022-09-30 17:26:12+00:00,False,11.0,229.0,1041.0,214.0,11.0,198.0079821462215,20.0,112071.0,566.0,5.0
2022-09-30 17:30:08+00:00,True,32.0,140.0,2435.0,125.0,5.0,306.29991396450424,31.0,30936.0,101.0,5.0
2022-09-30 17:39:40+00:00,True,11.0,240.0,1465.0,225.0,2.0,139.05154316112,14.0,60984.0,439.0,5.0
2022-09-30 17:50:25+00:00,False,27.0,171.0,2612.0,156.0,6.0,267.78002970788464,27.0,136164.0,509.0,5.0
2022-09-30 19:17:42+00:00,False,20.0,232.0,2610.0,217.0,11.0,227.36013657568793,23.0,49115.0,216.0,4.0
2022-09-30 19:28:57+00:00,True,11.0,286.0,1253.0,271.0,8.0,188.08603840563006,19.0,101686.0,541.0,2.0
2022-09-30 19:34:31+00:00,True,13.0,242.0,1854.0,227.0,10.0,148.07869664691415,15.0,29320.0,198.0,3.0
2022-09-30 19:42:44+00:00,True,33.0,173.0,2715.0,158.0,13.0,137.9704576183876,14.0,48974.0,355.0,5.0
2022-09-30 19:46:24+00:00,True,23.0,116.0,2395.0,101.0,3.0,346.3106331036988,35.0,27014.0,78.0,5.0
2022-09-30 19:57:00+00:00,True,23.0,190.0,2506.0,175.0,5.0,178.32038867983812,18.0,88701.0,498.0,5.0
2022-09-30 20:02:08+00:00,False,34.0,192.0,2454.0,177.0,4.0,257.2317741779668,26.0,44769.0,174.0,4.0
2022-09-30 20:14:26+00:00,True,14.0,118.0,2819.0,103.0,14.0,367.32548970945936,37.0,219930.0,601.0,3.0
2022-09-30 20:26:41+00:00,False,33.0,215.0,1268.0,200.0,12.0,178.22373456447755,18.0,107222.0,602.0,3.0
2022-09-30 20:35:08+00:00,True,15.0,229.0,1286.0,214.0,6.0,386.919115396486,39.0,144289.0,373.0,2.0
